{
    "eval_samples": 474,
    "exact_match": 68.33333333333333,
    "f1": 76.88707010582014
}